Model,Level,MAE,RMSE,R2
Gradient Boosting,0,0.005361396377423959,0.014690281890521295,0.9999991450570158
Random Forest,0,0.015766606926836537,0.06123182675261496,0.9999851464136277
Ridge Meta,1,0.005372141310750787,0.015315310304604651,0.9999990707587192
