{
    "model_version": "1.0",
    "training_date": "2025-11-19 04:31:13",
    "type": "regression",
    "target": "Risk_Score",
    "feature_columns": [
        "Bulan",
        "Hari",
        "Hari_Minggu",
        "Quarter",
        "Is_Weekend",
        "Is_Akhir_Bulan",
        "Is_Awal_Bulan",
        "Hari_Dari_Awal_Bulan",
        "Total_Transaksi",
        "Rata_Nominal",
        "Frekuensi_Per_Hari",
        "Durasi_Aktif_Hari",
        "Rata_Interval_Hari",
        "Jumlah_Terlambat",
        "Persentase_Terlambat",
        "Is_TopUp",
        "Is_QRIS",
        "Is_Transfer",
        "Prop_TopUp",
        "Prop_QRIS",
        "Prop_Transfer",
        "Aktivitas_Bulan_Ini",
        "Aktivitas_Quarter_Ini",
        "Nominal_Transaksi"
    ],
    "num_features": 24,
    "base_models": [
        "xgb_regressor",
        "cat_regressor",
        "lgb_regressor"
    ],
    "meta_model": "meta_regressor",
    "metrics": {
        "xgboost": {
            "MAE": 0.029060336868575034,
            "RMSE": 0.0607701706424764,
            "R2": 0.9999853695459177
        },
        "catboost": {
            "MAE": 0.034515300712583366,
            "RMSE": 0.06271835002567791,
            "R2": 0.9999844164591832
        },
        "lightgbm": {
            "MAE": 0.05402144977924998,
            "RMSE": 0.08607601777303019,
            "R2": 0.9999706477615498
        },
        "stacking": {
            "MAE": 0.015010150872858388,
            "RMSE": 0.047404535904683034,
            "R2": 0.9999910974034566
        }
    },
    "train_samples": 7200,
    "test_samples": 1800,
    "feature_stats": {
        "Bulan": {
            "mean": 1.4693055555555556,
            "std": 0.4990916221030751,
            "min": 1.0,
            "max": 2.0
        },
        "Hari": {
            "mean": 15.912916666666666,
            "std": 8.472653596924012,
            "min": 1.0,
            "max": 31.0
        },
        "Hari_Minggu": {
            "mean": 3.303888888888889,
            "std": 1.9189397188419741,
            "min": 0.0,
            "max": 6.0
        },
        "Quarter": {
            "mean": 1.0,
            "std": 0.0,
            "min": 1.0,
            "max": 1.0
        },
        "Is_Weekend": {
            "mean": 0.29555555555555557,
            "std": 0.4563237777743326,
            "min": 0.0,
            "max": 1.0
        },
        "Is_Akhir_Bulan": {
            "mean": 0.195,
            "std": 0.39622822351746534,
            "min": 0.0,
            "max": 1.0
        },
        "Is_Awal_Bulan": {
            "mean": 0.20847222222222223,
            "std": 0.4062443553318251,
            "min": 0.0,
            "max": 1.0
        },
        "Hari_Dari_Awal_Bulan": {
            "mean": 15.912916666666666,
            "std": 8.472653596924012,
            "min": 1.0,
            "max": 31.0
        },
        "Total_Transaksi": {
            "mean": 59.46069444444444,
            "std": 9.825727435944613,
            "min": 36.0,
            "max": 81.0
        },
        "Rata_Nominal": {
            "mean": 77081.39836278795,
            "std": 4736.293220379166,
            "min": 62425.69841269841,
            "max": 89782.12698412698
        },
        "Frekuensi_Per_Hari": {
            "mean": 1.943668370091139,
            "std": 0.31126614123424223,
            "min": 1.2413793103448276,
            "max": 2.6129032258064515
        },
        "Durasi_Aktif_Hari": {
            "mean": 29.57263888888889,
            "std": 0.7069604002463427,
            "min": 26.0,
            "max": 30.0
        },
        "Rata_Interval_Hari": {
            "mean": 0.1995077731500213,
            "std": 0.06873005067275212,
            "min": 0.0769230769230769,
            "max": 0.45
        },
        "Jumlah_Terlambat": {
            "mean": 42.08416666666667,
            "std": 9.214525840022798,
            "min": 21.0,
            "max": 61.0
        },
        "Persentase_Terlambat": {
            "mean": 70.37421603489534,
            "std": 6.880101681413367,
            "min": 53.48837209302325,
            "max": 87.5
        },
        "Is_TopUp": {
            "mean": 0.32013888888888886,
            "std": 0.4665621224156217,
            "min": 0.0,
            "max": 1.0
        },
        "Is_QRIS": {
            "mean": 0.3013888888888889,
            "std": 0.4588930966626464,
            "min": 0.0,
            "max": 1.0
        },
        "Is_Transfer": {
            "mean": 0.3784722222222222,
            "std": 0.4850398692260035,
            "min": 0.0,
            "max": 1.0
        },
        "Prop_TopUp": {
            "mean": 0.31895267047474435,
            "std": 0.06086718702581412,
            "min": 0.1923076923076923,
            "max": 0.5116279069767442
        },
        "Prop_QRIS": {
            "mean": 0.3012913335686393,
            "std": 0.06602302341059625,
            "min": 0.14,
            "max": 0.5
        },
        "Prop_Transfer": {
            "mean": 0.37975599595661635,
            "std": 0.06605595024403864,
            "min": 0.2307692307692307,
            "max": 0.5714285714285714
        },
        "Aktivitas_Bulan_Ini": {
            "mean": 30.66875,
            "std": 7.580333016345793,
            "min": 14.0,
            "max": 51.0
        },
        "Aktivitas_Quarter_Ini": {
            "mean": 59.46069444444444,
            "std": 9.825727435944613,
            "min": 36.0,
            "max": 81.0
        },
        "Nominal_Transaksi": {
            "mean": 77051.41472222222,
            "std": 38740.03441941641,
            "min": 5189.0,
            "max": 149776.0
        }
    }
}